"id","tags"
"0","FICTION NOVEL"
"1","FICTION"
"2","FICTION NOVEL SHORT-STORY"
"3","FICTION NOVEL SHORT-STORY"
"4","FICTION"
"5","FICTION NOVEL"
"6","FICTION"
"7","FICTION NOVEL SHORT-STORY"
"8","FICTION NOVEL"
"9","FICTION"
"10","FICTION NOVEL SHORT-STORY"
"11","FICTION NOVEL"
"12","FICTION"
"13","FICTION NOVEL SHORT-STORY"
"14","FICTION"
"15","FICTION NOVEL"
"16","FICTION"
"17","FICTION"
"18","FICTION"
"19","FICTION"
"20","FICTION NOVEL SHORT-STORY"
"21","FICTION NOVEL"
"22","FICTION"
"23","FICTION"
"24","FICTION NOVEL"
"25","FICTION"
"26","FICTION NOVEL SHORT-STORY"
"27","FICTION NOVEL SHORT-STORY"
"28","FICTION NOVEL SHORT-STORY"
"29","FICTION NOVEL SHORT-STORY"
"30","FICTION NOVEL"
"31","FICTION NOVEL"
"32","FICTION NOVEL"
"33","FICTION"
"34","FICTION"
"35","FICTION NOVEL SHORT-STORY"
"36","FICTION NOVEL SHORT-STORY"
"37","FICTION"
"38","FICTION NOVEL SHORT-STORY"
"39","FICTION"
"40","FICTION NOVEL"
"41","FICTION NOVEL"
"42","FICTION"
"43","FICTION NOVEL SHORT-STORY"
"44","FICTION NOVEL SHORT-STORY"
"45","FICTION NOVEL SHORT-STORY"
"46","FICTION NOVEL"
"47","FICTION"
"48","FICTION"
"49","FICTION"
"50","FICTION NOVEL SHORT-STORY"
"51","FICTION"
"52","FICTION NOVEL"
"53","FICTION NOVEL SHORT-STORY"
"54","FICTION NOVEL SHORT-STORY"
"55","FICTION"
"56","FICTION"
"57","FICTION NOVEL"
"58","FICTION NOVEL"
"59","FICTION NOVEL SHORT-STORY"
"60","FICTION NOVEL"
"61","FICTION"
"62","FICTION"
"63","FICTION"
"64","FICTION"
"65","FICTION NOVEL"
"66","FICTION"
"67","FICTION NOVEL SHORT-STORY"
"68","FICTION NOVEL SHORT-STORY"
"69","FICTION NOVEL"
"70","FICTION NOVEL SHORT-STORY"
"71","FICTION NOVEL"
"72","FICTION NOVEL"
"73","FICTION NOVEL"
"74","FICTION"
"75","FICTION NOVEL"
"76","FICTION"
"77","FICTION"
"78","FICTION NOVEL SHORT-STORY"
"79","FICTION"
"80","FICTION NOVEL"
"81","FICTION NOVEL"
"82","FICTION NOVEL SHORT-STORY"
"83","FICTION NOVEL SHORT-STORY"
"84","FICTION NOVEL SHORT-STORY"
"85","FICTION"
"86","FICTION"
"87","FICTION NOVEL SHORT-STORY"
"88","FICTION NOVEL SHORT-STORY"
"89","FICTION NOVEL"
"90","FICTION"
"91","FICTION NOVEL"
"92","FICTION NOVEL"
"93","FICTION NOVEL SHORT-STORY"
"94","FICTION NOVEL"
"95","FICTION NOVEL"
"96","FICTION NOVEL SHORT-STORY"
"97","FICTION NOVEL"
"98","FICTION"
"99","FICTION NOVEL"
"100","FICTION NOVEL SHORT-STORY"
"101","FICTION NOVEL"
"102","FICTION NOVEL"
"103","FICTION NOVEL SHORT-STORY"
"104","FICTION NOVEL SHORT-STORY"
"105","FICTION NOVEL SHORT-STORY"
"106","FICTION NOVEL SHORT-STORY"
"107","FICTION NOVEL SHORT-STORY"
"108","FICTION NOVEL"
"109","FICTION NOVEL SHORT-STORY"
"110","FICTION NOVEL SHORT-STORY"
"111","FICTION NOVEL SHORT-STORY"
"112","FICTION NOVEL SHORT-STORY"
"113","FICTION"
"114","FICTION NOVEL"
"115","FICTION"
"116","FICTION NOVEL SHORT-STORY"
"117","FICTION NOVEL SHORT-STORY"
"118","FICTION"
"119","FICTION"
"120","FICTION"
"121","FICTION NOVEL"
"122","FICTION"
"123","FICTION NOVEL"
"124","FICTION NOVEL SHORT-STORY"
"125","FICTION NOVEL"
"126","FICTION"
"127","FICTION"
"128","FICTION NOVEL"
"129","FICTION NOVEL"
"130","FICTION NOVEL SHORT-STORY"
"131","FICTION NOVEL SHORT-STORY"
"132","FICTION NOVEL"
"133","FICTION NOVEL"
"134","FICTION NOVEL"
"135","FICTION"
"136","FICTION"
"137","FICTION NOVEL"
"138","FICTION"
"139","FICTION NOVEL"
"140","FICTION NOVEL SHORT-STORY"
"141","FICTION NOVEL SHORT-STORY"
"142","FICTION NOVEL"
"143","FICTION NOVEL SHORT-STORY"
"144","FICTION"
"145","FICTION"
"146","FICTION NOVEL SHORT-STORY"
"147","FICTION NOVEL SHORT-STORY"
"148","FICTION NOVEL"
"149","FICTION NOVEL SHORT-STORY"
"150","FICTION NOVEL SHORT-STORY"
"151","FICTION NOVEL"
"152","FICTION NOVEL"
"153","FICTION NOVEL SHORT-STORY"
"154","FICTION"
"155","FICTION NOVEL"
"156","FICTION NOVEL SHORT-STORY"
"157","FICTION NOVEL SHORT-STORY"
"158","FICTION NOVEL SHORT-STORY"
"159","FICTION NOVEL"
"160","FICTION NOVEL"
"161","FICTION NOVEL SHORT-STORY"
"162","FICTION"
"163","FICTION NOVEL"
"164","FICTION NOVEL SHORT-STORY"
"165","FICTION NOVEL"
"166","FICTION"
"167","FICTION NOVEL SHORT-STORY"
"168","FICTION NOVEL"
"169","FICTION NOVEL"
"170","FICTION"
"171","FICTION NOVEL"
"172","FICTION NOVEL SHORT-STORY"
"173","FICTION NOVEL SHORT-STORY"
"174","FICTION NOVEL"
"175","FICTION NOVEL"
"176","FICTION NOVEL"
"177","FICTION NOVEL"
"178","FICTION NOVEL"
"179","FICTION"
"180","FICTION NOVEL SHORT-STORY"
"181","FICTION NOVEL SHORT-STORY"
"182","FICTION NOVEL SHORT-STORY"
"183","FICTION"
"184","FICTION"
"185","FICTION NOVEL SHORT-STORY"
"186","FICTION NOVEL"
"187","FICTION NOVEL SHORT-STORY"
"188","FICTION NOVEL"
"189","FICTION NOVEL SHORT-STORY"
"190","FICTION"
"191","FICTION NOVEL"
"192","FICTION NOVEL SHORT-STORY"
"193","FICTION"
"194","FICTION"
"195","FICTION"
"196","FICTION NOVEL"
"197","FICTION NOVEL SHORT-STORY"
"198","FICTION NOVEL SHORT-STORY"
"199","FICTION NOVEL SHORT-STORY"
"200","FICTION NOVEL"
"201","FICTION NOVEL"
"202","FICTION NOVEL SHORT-STORY"
"203","FICTION"
"204","FICTION NOVEL"
"205","FICTION NOVEL SHORT-STORY"
"206","FICTION"
"207","FICTION NOVEL SHORT-STORY"
"208","FICTION"
"209","FICTION"
"210","FICTION"
"211","FICTION"
"212","FICTION"
"213","FICTION"
"214","FICTION NOVEL"
"215","FICTION"
"216","FICTION"
"217","FICTION"
"218","FICTION NOVEL SHORT-STORY"
"219","FICTION NOVEL"
"220","FICTION"
"221","FICTION NOVEL SHORT-STORY"
"222","FICTION NOVEL"
"223","FICTION NOVEL SHORT-STORY"
"224","FICTION NOVEL SHORT-STORY"
"225","FICTION NOVEL SHORT-STORY"
"226","FICTION NOVEL"
"227","FICTION NOVEL SHORT-STORY"
"228","FICTION NOVEL SHORT-STORY"
"229","FICTION NOVEL SHORT-STORY"
"230","FICTION NOVEL"
"231","FICTION NOVEL SHORT-STORY"
"232","FICTION NOVEL"
"233","FICTION NOVEL"
"234","FICTION NOVEL SHORT-STORY"
"235","FICTION"
"236","FICTION"
"237","FICTION NOVEL"
"238","FICTION"
"239","FICTION"
"240","FICTION NOVEL"
"241","FICTION NOVEL SHORT-STORY"
"242","FICTION NOVEL"
"243","FICTION NOVEL SHORT-STORY"
"244","FICTION"
"245","FICTION"
"246","FICTION NOVEL"
"247","FICTION"
"248","FICTION NOVEL"
"249","FICTION NOVEL SHORT-STORY"
"250","FICTION NOVEL SHORT-STORY"
"251","FICTION"
"252","FICTION NOVEL"
"253","FICTION"
"254","FICTION NOVEL"
"255","FICTION NOVEL SHORT-STORY"
"256","FICTION"
"257","FICTION"
"258","FICTION NOVEL SHORT-STORY"
"259","FICTION"
"260","FICTION NOVEL"
"261","FICTION"
"262","FICTION NOVEL"
"263","FICTION"
"264","FICTION NOVEL"
"265","FICTION"
"266","FICTION"
"267","FICTION NOVEL SHORT-STORY"
"268","FICTION NOVEL"
"269","FICTION NOVEL SHORT-STORY"
"270","FICTION NOVEL"
"271","FICTION NOVEL"
"272","FICTION NOVEL SHORT-STORY"
"273","FICTION NOVEL SHORT-STORY"
"274","FICTION NOVEL"
"275","FICTION NOVEL"
"276","FICTION NOVEL SHORT-STORY"
"277","FICTION NOVEL SHORT-STORY"
"278","FICTION NOVEL SHORT-STORY"
"279","FICTION NOVEL"
"280","FICTION"
"281","FICTION"
"282","FICTION NOVEL SHORT-STORY"
"283","FICTION NOVEL"
"284","FICTION NOVEL SHORT-STORY"
"285","FICTION NOVEL"
"286","FICTION NOVEL"
"287","FICTION NOVEL"
"288","FICTION NOVEL SHORT-STORY"
"289","FICTION"
"290","FICTION"
"291","FICTION"
"292","FICTION NOVEL"
"293","FICTION"
"294","FICTION NOVEL"
"295","FICTION NOVEL SHORT-STORY"
"296","FICTION NOVEL"
"297","FICTION"
"298","FICTION"
"299","FICTION NOVEL"
"300","FICTION"
"301","FICTION"
"302","FICTION"
"303","FICTION NOVEL"
"304","FICTION NOVEL"
"305","FICTION NOVEL SHORT-STORY"
"306","FICTION NOVEL"
"307","FICTION NOVEL SHORT-STORY"
"308","FICTION"
"309","FICTION"
"310","FICTION"
"311","FICTION NOVEL"
"312","FICTION"
"313","FICTION NOVEL SHORT-STORY"
"314","FICTION"
"315","FICTION NOVEL SHORT-STORY"
"316","FICTION"
"317","FICTION NOVEL"
"318","FICTION NOVEL SHORT-STORY"
"319","FICTION"
"320","FICTION NOVEL"
"321","FICTION"
"322","FICTION NOVEL SHORT-STORY"
"323","FICTION NOVEL"
"324","FICTION"
"325","FICTION NOVEL SHORT-STORY"
"326","FICTION NOVEL"
"327","FICTION NOVEL SHORT-STORY"
"328","FICTION NOVEL"
"329","FICTION NOVEL SHORT-STORY"
"330","FICTION"
"331","FICTION NOVEL SHORT-STORY"
"332","FICTION NOVEL SHORT-STORY"
"333","FICTION"
"334","FICTION NOVEL"
"335","FICTION"
"336","FICTION NOVEL"
"337","FICTION NOVEL"
"338","FICTION"
"339","FICTION NOVEL SHORT-STORY"
"340","FICTION NOVEL SHORT-STORY"
"341","FICTION"
"342","FICTION NOVEL SHORT-STORY"
"343","FICTION NOVEL SHORT-STORY"
"344","FICTION"
"345","FICTION NOVEL"
"346","FICTION NOVEL"
"347","FICTION NOVEL"
"348","FICTION NOVEL"
"349","FICTION"
"350","FICTION NOVEL"
"351","FICTION NOVEL SHORT-STORY"
"352","FICTION"
"353","FICTION"
"354","FICTION NOVEL SHORT-STORY"
"355","FICTION NOVEL"
"356","FICTION NOVEL"
"357","FICTION"
"358","FICTION NOVEL"
"359","FICTION"
"360","FICTION NOVEL SHORT-STORY"
"361","FICTION NOVEL"
"362","FICTION NOVEL"
"363","FICTION"
"364","FICTION NOVEL SHORT-STORY"
"365","FICTION NOVEL"
"366","FICTION"
"367","FICTION"
"368","FICTION NOVEL"
"369","FICTION"
"370","FICTION NOVEL SHORT-STORY"
"371","FICTION NOVEL"
"372","FICTION"
"373","FICTION NOVEL"
"374","FICTION NOVEL"
"375","FICTION NOVEL SHORT-STORY"
"376","FICTION"
"377","FICTION"
"378","FICTION"
"379","FICTION NOVEL SHORT-STORY"
"380","FICTION"
"381","FICTION NOVEL"
"382","FICTION NOVEL"
"383","FICTION NOVEL SHORT-STORY"
"384","FICTION NOVEL SHORT-STORY"
"385","FICTION NOVEL"
"386","FICTION"
"387","FICTION NOVEL SHORT-STORY"
"388","FICTION"
"389","FICTION NOVEL"
"390","FICTION"
"391","FICTION NOVEL"
"392","FICTION"
"393","FICTION NOVEL SHORT-STORY"
"394","FICTION NOVEL"
"395","FICTION NOVEL SHORT-STORY"
"396","FICTION NOVEL SHORT-STORY"
"397","FICTION NOVEL SHORT-STORY"
"398","FICTION NOVEL"
"399","FICTION NOVEL"
"400","FICTION"
"401","FICTION"
"402","FICTION NOVEL"
"403","FICTION"
"404","FICTION NOVEL SHORT-STORY"
"405","FICTION"
"406","FICTION"
"407","FICTION"
"408","FICTION NOVEL"
"409","FICTION NOVEL SHORT-STORY"
"410","FICTION NOVEL"
"411","FICTION"
"412","FICTION NOVEL SHORT-STORY"
"413","FICTION NOVEL SHORT-STORY"
"414","FICTION"
"415","FICTION"
"416","FICTION NOVEL"
"417","FICTION"
"418","FICTION"
"419","FICTION"
"420","FICTION NOVEL SHORT-STORY"
"421","FICTION"
"422","FICTION NOVEL SHORT-STORY"
"423","FICTION NOVEL"
"424","FICTION"
"425","FICTION NOVEL"
"426","FICTION NOVEL SHORT-STORY"
"427","FICTION NOVEL SHORT-STORY"
"428","FICTION NOVEL SHORT-STORY"
"429","FICTION"
"430","FICTION"
"431","FICTION"
"432","FICTION NOVEL SHORT-STORY"
"433","FICTION NOVEL"
"434","FICTION"
"435","FICTION NOVEL SHORT-STORY"
"436","FICTION NOVEL"
"437","FICTION"
"438","FICTION NOVEL SHORT-STORY"
"439","FICTION NOVEL"
"440","FICTION"
"441","FICTION"
"442","FICTION"
"443","FICTION NOVEL"
"444","FICTION NOVEL SHORT-STORY"
"445","FICTION NOVEL SHORT-STORY"
"446","FICTION"
"447","FICTION NOVEL SHORT-STORY"
"448","FICTION"
"449","FICTION"
"450","FICTION"
"451","FICTION NOVEL"
"452","FICTION NOVEL"
"453","FICTION NOVEL"
"454","FICTION NOVEL"
"455","FICTION NOVEL SHORT-STORY"
"456","FICTION"
"457","FICTION NOVEL SHORT-STORY"
"458","FICTION NOVEL SHORT-STORY"
"459","FICTION NOVEL SHORT-STORY"
"460","FICTION"
"461","FICTION NOVEL"
"462","FICTION NOVEL SHORT-STORY"
"463","FICTION NOVEL"
"464","FICTION NOVEL SHORT-STORY"
"465","FICTION"
"466","FICTION"
"467","FICTION"
"468","FICTION NOVEL SHORT-STORY"
"469","FICTION NOVEL"
"470","FICTION"
"471","FICTION NOVEL"
"472","FICTION NOVEL SHORT-STORY"
"473","FICTION"
"474","FICTION NOVEL"
"475","FICTION NOVEL"
"476","FICTION"
"477","FICTION NOVEL"
"478","FICTION"
"479","FICTION"
"480","FICTION"
"481","FICTION NOVEL"
"482","FICTION NOVEL SHORT-STORY"
"483","FICTION NOVEL"
"484","FICTION NOVEL"
"485","FICTION NOVEL SHORT-STORY"
"486","FICTION NOVEL"
"487","FICTION NOVEL SHORT-STORY"
"488","FICTION NOVEL"
"489","FICTION"
"490","FICTION NOVEL"
"491","FICTION NOVEL"
"492","FICTION NOVEL"
"493","FICTION NOVEL"
"494","FICTION NOVEL"
"495","FICTION"
"496","FICTION"
"497","FICTION NOVEL SHORT-STORY"
"498","FICTION NOVEL SHORT-STORY"
"499","FICTION NOVEL"
"500","FICTION NOVEL SHORT-STORY"
"501","FICTION NOVEL SHORT-STORY"
"502","FICTION"
"503","FICTION NOVEL"
"504","FICTION"
"505","FICTION"
"506","FICTION"
"507","FICTION NOVEL SHORT-STORY"
"508","FICTION NOVEL SHORT-STORY"
"509","FICTION NOVEL"
"510","FICTION NOVEL"
"511","FICTION"
"512","FICTION NOVEL"
"513","FICTION NOVEL SHORT-STORY"
"514","FICTION NOVEL"
"515","FICTION"
"516","FICTION NOVEL"
"517","FICTION NOVEL SHORT-STORY"
"518","FICTION"
"519","FICTION"
"520","FICTION NOVEL SHORT-STORY"
"521","FICTION NOVEL SHORT-STORY"
"522","FICTION NOVEL SHORT-STORY"
"523","FICTION NOVEL SHORT-STORY"
"524","FICTION NOVEL SHORT-STORY"
"525","FICTION NOVEL SHORT-STORY"
"526","FICTION NOVEL SHORT-STORY"
"527","FICTION"
"528","FICTION NOVEL SHORT-STORY"
"529","FICTION NOVEL SHORT-STORY"
"530","FICTION NOVEL SHORT-STORY"
"531","FICTION"
"532","FICTION NOVEL SHORT-STORY"
"533","FICTION NOVEL"
"534","FICTION"
"535","FICTION"
"536","FICTION"
"537","FICTION"
"538","FICTION NOVEL SHORT-STORY"
"539","FICTION"
"540","FICTION"
"541","FICTION NOVEL"
"542","FICTION"
"543","FICTION NOVEL SHORT-STORY"
"544","FICTION NOVEL"
"545","FICTION NOVEL SHORT-STORY"
"546","FICTION NOVEL"
"547","FICTION"
"548","FICTION NOVEL"
"549","FICTION"
"550","FICTION NOVEL SHORT-STORY"
"551","FICTION"
"552","FICTION NOVEL"
"553","FICTION NOVEL SHORT-STORY"
"554","FICTION"
"555","FICTION"
"556","FICTION NOVEL"
"557","FICTION NOVEL"
"558","FICTION NOVEL SHORT-STORY"
"559","FICTION NOVEL"
"560","FICTION NOVEL SHORT-STORY"
"561","FICTION"
"562","FICTION"
"563","FICTION NOVEL SHORT-STORY"
"564","FICTION NOVEL SHORT-STORY"
"565","FICTION"
"566","FICTION NOVEL"
"567","FICTION NOVEL"
"568","FICTION"
"569","FICTION"
"570","FICTION NOVEL SHORT-STORY"
"571","FICTION NOVEL SHORT-STORY"
"572","FICTION NOVEL"
"573","FICTION"
"574","FICTION NOVEL"
"575","FICTION NOVEL SHORT-STORY"
"576","FICTION NOVEL"
"577","FICTION NOVEL"
"578","FICTION NOVEL"
"579","FICTION"
"580","FICTION"
"581","FICTION"
"582","FICTION NOVEL SHORT-STORY"
"583","FICTION NOVEL SHORT-STORY"
"584","FICTION NOVEL SHORT-STORY"
"585","FICTION"
"586","FICTION NOVEL"
"587","FICTION NOVEL"
"588","FICTION"
"589","FICTION"
"590","FICTION NOVEL"
"591","FICTION NOVEL SHORT-STORY"
"592","FICTION NOVEL SHORT-STORY"
"593","FICTION"
"594","FICTION NOVEL SHORT-STORY"
"595","FICTION NOVEL SHORT-STORY"
"596","FICTION"
"597","FICTION NOVEL"
"598","FICTION"
"599","FICTION NOVEL SHORT-STORY"
"600","FICTION"
"601","FICTION NOVEL"
"602","FICTION NOVEL"
"603","FICTION NOVEL SHORT-STORY"
"604","FICTION NOVEL SHORT-STORY"
"605","FICTION"
"606","FICTION"
"607","FICTION NOVEL"
"608","FICTION NOVEL"
"609","FICTION NOVEL"
"610","FICTION NOVEL"
"611","FICTION NOVEL"
"612","FICTION NOVEL SHORT-STORY"
"613","FICTION NOVEL"
"614","FICTION NOVEL"
"615","FICTION NOVEL"
"616","FICTION NOVEL"
"617","FICTION"
"618","FICTION"
"619","FICTION NOVEL"
"620","FICTION NOVEL SHORT-STORY"
"621","FICTION NOVEL SHORT-STORY"
"622","FICTION NOVEL"
"623","FICTION"
"624","FICTION"
"625","FICTION NOVEL"
"626","FICTION"
"627","FICTION"
"628","FICTION"
"629","FICTION NOVEL SHORT-STORY"
"630","FICTION NOVEL"
"631","FICTION NOVEL SHORT-STORY"
"632","FICTION NOVEL SHORT-STORY"
"633","FICTION NOVEL SHORT-STORY"
"634","FICTION NOVEL"
"635","FICTION NOVEL"
"636","FICTION NOVEL SHORT-STORY"
"637","FICTION NOVEL SHORT-STORY"
"638","FICTION NOVEL SHORT-STORY"
"639","FICTION"
"640","FICTION NOVEL SHORT-STORY"
"641","FICTION NOVEL"
"642","FICTION"
"643","FICTION"
"644","FICTION NOVEL SHORT-STORY"
"645","FICTION"
"646","FICTION NOVEL SHORT-STORY"
"647","FICTION NOVEL"
"648","FICTION NOVEL"
"649","FICTION"
"650","FICTION"
"651","FICTION NOVEL"
"652","FICTION NOVEL"
"653","FICTION"
"654","FICTION"
"655","FICTION NOVEL"
"656","FICTION"
"657","FICTION"
"658","FICTION NOVEL SHORT-STORY"
"659","FICTION NOVEL"
"660","FICTION"
"661","FICTION"
"662","FICTION NOVEL"
"663","FICTION NOVEL SHORT-STORY"
"664","FICTION NOVEL"
"665","FICTION NOVEL"
"666","FICTION"
"667","FICTION NOVEL"
"668","FICTION NOVEL"
"669","FICTION"
"670","FICTION NOVEL SHORT-STORY"
"671","FICTION"
"672","FICTION NOVEL"
"673","FICTION NOVEL"
"674","FICTION NOVEL"
"675","FICTION"
"676","FICTION NOVEL SHORT-STORY"
"677","FICTION NOVEL"
"678","FICTION NOVEL SHORT-STORY"
"679","FICTION"
"680","FICTION"
"681","FICTION NOVEL"
"682","FICTION NOVEL"
"683","FICTION NOVEL"
"684","FICTION NOVEL SHORT-STORY"
"685","FICTION NOVEL SHORT-STORY"
"686","FICTION NOVEL SHORT-STORY"
"687","FICTION"
"688","FICTION NOVEL SHORT-STORY"
"689","FICTION NOVEL SHORT-STORY"
"690","FICTION"
"691","FICTION"
"692","FICTION"
"693","FICTION NOVEL"
"694","FICTION NOVEL"
"695","FICTION NOVEL SHORT-STORY"
"696","FICTION"
"697","FICTION NOVEL SHORT-STORY"
"698","FICTION NOVEL SHORT-STORY"
"699","FICTION NOVEL SHORT-STORY"
"700","FICTION NOVEL SHORT-STORY"
"701","FICTION NOVEL SHORT-STORY"
"702","FICTION"
"703","FICTION NOVEL"
"704","FICTION NOVEL"
"705","FICTION"
"706","FICTION"
"707","FICTION NOVEL"
"708","FICTION NOVEL"
"709","FICTION NOVEL"
"710","FICTION NOVEL"
"711","FICTION"
"712","FICTION NOVEL"
"713","FICTION NOVEL SHORT-STORY"
"714","FICTION NOVEL"
"715","FICTION"
"716","FICTION NOVEL"
"717","FICTION NOVEL SHORT-STORY"
"718","FICTION NOVEL"
"719","FICTION NOVEL SHORT-STORY"
"720","FICTION"
"721","FICTION NOVEL SHORT-STORY"
"722","FICTION NOVEL SHORT-STORY"
"723","FICTION"
"724","FICTION NOVEL"
"725","FICTION NOVEL"
"726","FICTION NOVEL SHORT-STORY"
"727","FICTION NOVEL"
"728","FICTION NOVEL"
"729","FICTION"
"730","FICTION NOVEL"
"731","FICTION"
"732","FICTION NOVEL SHORT-STORY"
"733","FICTION NOVEL SHORT-STORY"
"734","FICTION"
"735","FICTION NOVEL SHORT-STORY"
"736","FICTION NOVEL SHORT-STORY"
"737","FICTION"
"738","FICTION NOVEL SHORT-STORY"
"739","FICTION NOVEL SHORT-STORY"
"740","FICTION NOVEL SHORT-STORY"
"741","FICTION NOVEL SHORT-STORY"
"742","FICTION NOVEL SHORT-STORY"
"743","FICTION NOVEL SHORT-STORY"
"744","FICTION NOVEL"
"745","FICTION NOVEL SHORT-STORY"
"746","FICTION NOVEL"
"747","FICTION NOVEL"
"748","FICTION NOVEL SHORT-STORY"
"749","FICTION NOVEL SHORT-STORY"
"750","FICTION NOVEL SHORT-STORY"
"751","FICTION NOVEL SHORT-STORY"
"752","FICTION NOVEL SHORT-STORY"
"753","FICTION NOVEL"
"754","FICTION"
"755","FICTION"
"756","FICTION NOVEL"
"757","FICTION NOVEL"
"758","FICTION"
"759","FICTION NOVEL"
"760","FICTION"
"761","FICTION NOVEL"
"762","FICTION"
"763","FICTION NOVEL"
"764","FICTION"
"765","FICTION NOVEL"
"766","FICTION"
"767","FICTION NOVEL SHORT-STORY"
"768","FICTION NOVEL"
"769","FICTION"
"770","FICTION"
"771","FICTION NOVEL"
"772","FICTION NOVEL"
"773","FICTION"
"774","FICTION NOVEL SHORT-STORY"
"775","FICTION NOVEL SHORT-STORY"
"776","FICTION"
"777","FICTION NOVEL SHORT-STORY"
"778","FICTION NOVEL SHORT-STORY"
"779","FICTION NOVEL SHORT-STORY"
"780","FICTION NOVEL SHORT-STORY"
"781","FICTION NOVEL"
"782","FICTION"
"783","FICTION NOVEL SHORT-STORY"
"784","FICTION NOVEL SHORT-STORY"
"785","FICTION"
"786","FICTION NOVEL"
"787","FICTION"
"788","FICTION"
"789","FICTION NOVEL SHORT-STORY"
"790","FICTION NOVEL"
"791","FICTION NOVEL SHORT-STORY"
"792","FICTION"
"793","FICTION NOVEL SHORT-STORY"
"794","FICTION"
"795","FICTION NOVEL SHORT-STORY"
"796","FICTION"
"797","FICTION NOVEL"
"798","FICTION NOVEL SHORT-STORY"
"799","FICTION"
"800","FICTION NOVEL"
"801","FICTION NOVEL"
"802","FICTION"
"803","FICTION NOVEL"
"804","FICTION"
"805","FICTION"
"806","FICTION NOVEL SHORT-STORY"
"807","FICTION NOVEL"
"808","FICTION"
"809","FICTION"
"810","FICTION"
"811","FICTION NOVEL"
"812","FICTION NOVEL SHORT-STORY"
"813","FICTION"
"814","FICTION NOVEL"
"815","FICTION NOVEL"
"816","FICTION NOVEL SHORT-STORY"
"817","FICTION"
"818","FICTION NOVEL"
"819","FICTION NOVEL SHORT-STORY"
"820","FICTION"
"821","FICTION NOVEL"
"822","FICTION NOVEL SHORT-STORY"
"823","FICTION NOVEL SHORT-STORY"
"824","FICTION NOVEL SHORT-STORY"
"825","FICTION NOVEL"
"826","FICTION"
"827","FICTION NOVEL SHORT-STORY"
"828","FICTION NOVEL SHORT-STORY"
"829","FICTION NOVEL SHORT-STORY"
"830","FICTION"
"831","FICTION NOVEL"
"832","FICTION NOVEL SHORT-STORY"
"833","FICTION NOVEL SHORT-STORY"
"834","FICTION NOVEL"
"835","FICTION NOVEL"
"836","FICTION NOVEL SHORT-STORY"
"837","FICTION"
"838","FICTION NOVEL"
"839","FICTION NOVEL SHORT-STORY"
"840","FICTION"
"841","FICTION"
"842","FICTION NOVEL"
"843","FICTION NOVEL SHORT-STORY"
"844","FICTION NOVEL SHORT-STORY"
"845","FICTION NOVEL"
"846","FICTION NOVEL SHORT-STORY"
"847","FICTION NOVEL SHORT-STORY"
"848","FICTION NOVEL"
"849","FICTION"
"850","FICTION"
"851","FICTION"
"852","FICTION NOVEL"
"853","FICTION NOVEL SHORT-STORY"
"854","FICTION"
"855","FICTION NOVEL SHORT-STORY"
"856","FICTION NOVEL SHORT-STORY"
"857","FICTION NOVEL SHORT-STORY"
"858","FICTION"
"859","FICTION NOVEL SHORT-STORY"
"860","FICTION NOVEL SHORT-STORY"
"861","FICTION"
"862","FICTION"
"863","FICTION NOVEL"
"864","FICTION"
"865","FICTION NOVEL"
"866","FICTION NOVEL SHORT-STORY"
"867","FICTION NOVEL"
"868","FICTION NOVEL"
"869","FICTION NOVEL SHORT-STORY"
"870","FICTION NOVEL SHORT-STORY"
"871","FICTION"
"872","FICTION NOVEL"
"873","FICTION"
"874","FICTION NOVEL"
"875","FICTION NOVEL SHORT-STORY"
"876","FICTION NOVEL SHORT-STORY"
"877","FICTION"
"878","FICTION NOVEL SHORT-STORY"
"879","FICTION"
"880","FICTION"
"881","FICTION"
"882","FICTION NOVEL"
"883","FICTION NOVEL SHORT-STORY"
"884","FICTION NOVEL"
"885","FICTION NOVEL"
"886","FICTION"
"887","FICTION NOVEL SHORT-STORY"
"888","FICTION NOVEL"
"889","FICTION NOVEL SHORT-STORY"
"890","FICTION"
"891","FICTION NOVEL"
"892","FICTION"
"893","FICTION"
"894","FICTION NOVEL SHORT-STORY"
"895","FICTION NOVEL SHORT-STORY"
"896","FICTION NOVEL"
"897","FICTION NOVEL SHORT-STORY"
"898","FICTION NOVEL SHORT-STORY"
"899","FICTION NOVEL SHORT-STORY"
"900","FICTION"
"901","FICTION NOVEL"
"902","FICTION NOVEL SHORT-STORY"
"903","FICTION NOVEL SHORT-STORY"
"904","FICTION NOVEL"
"905","FICTION"
"906","FICTION"
"907","FICTION NOVEL SHORT-STORY"
"908","FICTION NOVEL SHORT-STORY"
"909","FICTION"
"910","FICTION NOVEL"
"911","FICTION NOVEL SHORT-STORY"
"912","FICTION NOVEL SHORT-STORY"
"913","FICTION NOVEL SHORT-STORY"
"914","FICTION"
"915","FICTION"
"916","FICTION NOVEL SHORT-STORY"
"917","FICTION NOVEL"
"918","FICTION"
"919","FICTION"
"920","FICTION NOVEL SHORT-STORY"
"921","FICTION NOVEL"
"922","FICTION NOVEL SHORT-STORY"
"923","FICTION NOVEL SHORT-STORY"
"924","FICTION"
"925","FICTION"
"926","FICTION NOVEL"
"927","FICTION NOVEL"
"928","FICTION NOVEL"
"929","FICTION NOVEL"
"930","FICTION NOVEL"
"931","FICTION NOVEL"
"932","FICTION NOVEL SHORT-STORY"
"933","FICTION NOVEL SHORT-STORY"
"934","FICTION NOVEL SHORT-STORY"
"935","FICTION NOVEL SHORT-STORY"
"936","FICTION"
"937","FICTION"
"938","FICTION NOVEL SHORT-STORY"
"939","FICTION"
"940","FICTION NOVEL SHORT-STORY"
"941","FICTION NOVEL"
"942","FICTION NOVEL"
"943","FICTION NOVEL"
"944","FICTION NOVEL SHORT-STORY"
"945","FICTION"
"946","FICTION NOVEL SHORT-STORY"
"947","FICTION NOVEL SHORT-STORY"
"948","FICTION NOVEL SHORT-STORY"
"949","FICTION"
"950","FICTION NOVEL"
"951","FICTION"
"952","FICTION"
"953","FICTION NOVEL SHORT-STORY"
"954","FICTION"
"955","FICTION NOVEL SHORT-STORY"
"956","FICTION"
"957","FICTION NOVEL SHORT-STORY"
"958","FICTION NOVEL"
"959","FICTION NOVEL SHORT-STORY"
"960","FICTION NOVEL"
"961","FICTION NOVEL SHORT-STORY"
"962","FICTION"
"963","FICTION NOVEL"
"964","FICTION NOVEL"
"965","FICTION NOVEL SHORT-STORY"
"966","FICTION NOVEL"
"967","FICTION NOVEL"
"968","FICTION NOVEL"
"969","FICTION NOVEL SHORT-STORY"
"970","FICTION NOVEL SHORT-STORY"
"971","FICTION NOVEL"
"972","FICTION NOVEL SHORT-STORY"
"973","FICTION"
"974","FICTION NOVEL SHORT-STORY"
"975","FICTION"
"976","FICTION NOVEL"
"977","FICTION NOVEL"
"978","FICTION"
"979","FICTION"
"980","FICTION"
"981","FICTION NOVEL SHORT-STORY"
"982","FICTION NOVEL"
"983","FICTION"
"984","FICTION NOVEL SHORT-STORY"
"985","FICTION"
"986","FICTION NOVEL SHORT-STORY"
"987","FICTION NOVEL"
"988","FICTION NOVEL"
"989","FICTION"
"990","FICTION"
"991","FICTION NOVEL"
"992","FICTION NOVEL SHORT-STORY"
"993","FICTION NOVEL SHORT-STORY"
"994","FICTION NOVEL SHORT-STORY"
"995","FICTION NOVEL"
"996","FICTION NOVEL SHORT-STORY"
"997","FICTION NOVEL"
"998","FICTION NOVEL"
"999","FICTION NOVEL"
"1000","FICTION NOVEL"
"1001","FICTION"
"1002","FICTION NOVEL"
"1003","FICTION"
"1004","FICTION"
"1005","FICTION"
"1006","FICTION NOVEL SHORT-STORY"
"1007","FICTION"
"1008","FICTION NOVEL SHORT-STORY"
"1009","FICTION"
"1010","FICTION NOVEL"
"1011","FICTION NOVEL"
"1012","FICTION"
"1013","FICTION"
"1014","FICTION NOVEL SHORT-STORY"
"1015","FICTION"
"1016","FICTION NOVEL"
"1017","FICTION"
"1018","FICTION"
"1019","FICTION NOVEL SHORT-STORY"
"1020","FICTION NOVEL SHORT-STORY"
"1021","FICTION NOVEL"
"1022","FICTION NOVEL"
"1023","FICTION NOVEL"
"1024","FICTION NOVEL"
"1025","FICTION NOVEL SHORT-STORY"
"1026","FICTION"
"1027","FICTION"
"1028","FICTION"
"1029","FICTION"
"1030","FICTION NOVEL"
"1031","FICTION NOVEL SHORT-STORY"
"1032","FICTION NOVEL"
"1033","FICTION NOVEL"
"1034","FICTION"
"1035","FICTION NOVEL"
"1036","FICTION"
"1037","FICTION"
"1038","FICTION NOVEL SHORT-STORY"
"1039","FICTION NOVEL"
"1040","FICTION NOVEL"
"1041","FICTION NOVEL"
"1042","FICTION NOVEL SHORT-STORY"
"1043","FICTION NOVEL"
"1044","FICTION NOVEL"
"1045","FICTION NOVEL"
"1046","FICTION"
"1047","FICTION NOVEL"
"1048","FICTION NOVEL"
"1049","FICTION NOVEL SHORT-STORY"
"1050","FICTION NOVEL"
"1051","FICTION"
"1052","FICTION NOVEL"
"1053","FICTION NOVEL"
"1054","FICTION"
"1055","FICTION NOVEL"
"1056","FICTION NOVEL SHORT-STORY"
"1057","FICTION"
"1058","FICTION"
"1059","FICTION"
"1060","FICTION NOVEL"
"1061","FICTION NOVEL SHORT-STORY"
"1062","FICTION"
"1063","FICTION NOVEL SHORT-STORY"
"1064","FICTION NOVEL SHORT-STORY"
"1065","FICTION NOVEL SHORT-STORY"
"1066","FICTION NOVEL SHORT-STORY"
"1067","FICTION"
"1068","FICTION NOVEL"
"1069","FICTION"
"1070","FICTION NOVEL SHORT-STORY"
"1071","FICTION"
"1072","FICTION NOVEL SHORT-STORY"
"1073","FICTION NOVEL SHORT-STORY"
"1074","FICTION NOVEL SHORT-STORY"
"1075","FICTION NOVEL SHORT-STORY"
"1076","FICTION NOVEL SHORT-STORY"
"1077","FICTION NOVEL"
"1078","FICTION"
"1079","FICTION"
"1080","FICTION"
"1081","FICTION"
"1082","FICTION NOVEL SHORT-STORY"
"1083","FICTION NOVEL SHORT-STORY"
"1084","FICTION"
"1085","FICTION NOVEL"
"1086","FICTION NOVEL SHORT-STORY"
"1087","FICTION"
"1088","FICTION NOVEL SHORT-STORY"
"1089","FICTION NOVEL"
"1090","FICTION NOVEL SHORT-STORY"
"1091","FICTION NOVEL SHORT-STORY"
"1092","FICTION"
"1093","FICTION NOVEL SHORT-STORY"
"1094","FICTION NOVEL SHORT-STORY"
"1095","FICTION NOVEL"
"1096","FICTION NOVEL"
"1097","FICTION NOVEL SHORT-STORY"
"1098","FICTION NOVEL SHORT-STORY"
"1099","FICTION"
"1100","FICTION NOVEL SHORT-STORY"
"1101","FICTION NOVEL"
"1102","FICTION"
"1103","FICTION NOVEL"
"1104","FICTION NOVEL"
"1105","FICTION NOVEL SHORT-STORY"
"1106","FICTION"
"1107","FICTION NOVEL SHORT-STORY"
"1108","FICTION NOVEL SHORT-STORY"
"1109","FICTION NOVEL SHORT-STORY"
"1110","FICTION NOVEL"
"1111","FICTION"
"1112","FICTION NOVEL SHORT-STORY"
"1113","FICTION"
"1114","FICTION"
"1115","FICTION NOVEL"
"1116","FICTION NOVEL SHORT-STORY"
"1117","FICTION"
"1118","FICTION NOVEL SHORT-STORY"
"1119","FICTION"
"1120","FICTION NOVEL SHORT-STORY"
"1121","FICTION NOVEL"
"1122","FICTION NOVEL SHORT-STORY"
"1123","FICTION NOVEL SHORT-STORY"
"1124","FICTION NOVEL"
"1125","FICTION NOVEL SHORT-STORY"
"1126","FICTION NOVEL"
"1127","FICTION NOVEL SHORT-STORY"
"1128","FICTION NOVEL SHORT-STORY"
"1129","FICTION NOVEL SHORT-STORY"
"1130","FICTION NOVEL"
"1131","FICTION NOVEL SHORT-STORY"
"1132","FICTION NOVEL"
"1133","FICTION"
"1134","FICTION NOVEL"
"1135","FICTION"
"1136","FICTION"
"1137","FICTION NOVEL"
"1138","FICTION"
"1139","FICTION NOVEL"
"1140","FICTION NOVEL"
"1141","FICTION NOVEL SHORT-STORY"
"1142","FICTION NOVEL"
"1143","FICTION"
"1144","FICTION"
"1145","FICTION NOVEL SHORT-STORY"
"1146","FICTION"
"1147","FICTION NOVEL"
"1148","FICTION NOVEL SHORT-STORY"
"1149","FICTION NOVEL"
"1150","FICTION NOVEL"
"1151","FICTION NOVEL"
"1152","FICTION NOVEL SHORT-STORY"
"1153","FICTION NOVEL SHORT-STORY"
"1154","FICTION NOVEL"
"1155","FICTION NOVEL SHORT-STORY"
"1156","FICTION NOVEL"
"1157","FICTION NOVEL"
"1158","FICTION NOVEL"
"1159","FICTION"
"1160","FICTION NOVEL SHORT-STORY"
"1161","FICTION"
"1162","FICTION"
"1163","FICTION NOVEL SHORT-STORY"
"1164","FICTION NOVEL"
"1165","FICTION NOVEL SHORT-STORY"
"1166","FICTION"
"1167","FICTION"
"1168","FICTION NOVEL SHORT-STORY"
"1169","FICTION NOVEL SHORT-STORY"
"1170","FICTION"
"1171","FICTION NOVEL SHORT-STORY"
"1172","FICTION NOVEL SHORT-STORY"
"1173","FICTION NOVEL SHORT-STORY"
"1174","FICTION NOVEL SHORT-STORY"
"1175","FICTION NOVEL SHORT-STORY"
"1176","FICTION"
"1177","FICTION NOVEL"
"1178","FICTION NOVEL"
"1179","FICTION NOVEL"
"1180","FICTION"
"1181","FICTION NOVEL SHORT-STORY"
"1182","FICTION NOVEL SHORT-STORY"
"1183","FICTION NOVEL"
"1184","FICTION NOVEL"
"1185","FICTION NOVEL"
"1186","FICTION"
"1187","FICTION"
"1188","FICTION NOVEL"
"1189","FICTION NOVEL"
"1190","FICTION"
"1191","FICTION NOVEL"
"1192","FICTION"
"1193","FICTION NOVEL SHORT-STORY"
"1194","FICTION NOVEL SHORT-STORY"
"1195","FICTION"
"1196","FICTION NOVEL"
"1197","FICTION NOVEL"
"1198","FICTION NOVEL"
"1199","FICTION NOVEL"
"1200","FICTION NOVEL SHORT-STORY"
"1201","FICTION"
"1202","FICTION NOVEL"
"1203","FICTION NOVEL SHORT-STORY"
"1204","FICTION NOVEL SHORT-STORY"
"1205","FICTION"
"1206","FICTION"
"1207","FICTION"
"1208","FICTION"
"1209","FICTION"
"1210","FICTION"
"1211","FICTION NOVEL SHORT-STORY"
"1212","FICTION NOVEL"
"1213","FICTION NOVEL SHORT-STORY"
"1214","FICTION NOVEL SHORT-STORY"
"1215","FICTION NOVEL SHORT-STORY"
"1216","FICTION NOVEL"
"1217","FICTION NOVEL SHORT-STORY"
"1218","FICTION NOVEL"
"1219","FICTION NOVEL SHORT-STORY"
"1220","FICTION"
"1221","FICTION NOVEL"
"1222","FICTION NOVEL SHORT-STORY"
"1223","FICTION NOVEL SHORT-STORY"
"1224","FICTION NOVEL"
"1225","FICTION NOVEL SHORT-STORY"
"1226","FICTION NOVEL"
"1227","FICTION"
"1228","FICTION"
"1229","FICTION"
"1230","FICTION NOVEL"
"1231","FICTION NOVEL SHORT-STORY"
"1232","FICTION NOVEL SHORT-STORY"
"1233","FICTION NOVEL SHORT-STORY"
